<?xml version="1.0"?>
<?xml-stylesheet type="text/xsl" href="configuration.xsl"?>

<configuration>



  <property>
    <name>content</name>
    <description>This is the jinja template for zoo.cfg</description>
    <value>
# The number of milliseconds of each tick
tickTime=2000
# The number of ticks that the initial
# synchronization phase can take
initLimit=10
# The number of ticks that can pass between
# sending a request and getting an acknowledgement
syncLimit=5

# the directory where the snapshot is stored.
# dataDir=/opt/zookeeper/data
# NOTE: Solr defaults the dataDir to $solrHome/zoo_data

# the port at which the clients will connect
# clientPort=2181
# NOTE: Solr sets this based on zkRun / zkHost params
    </value>
  </property>

  
</configuration>  