<?xml version="1.0"?>
<?xml-stylesheet type="text/xsl" href="configuration.xsl"?>

<configuration>


  <property>
    <name>content</name>
    <description>This is the jinja template for solr.xml file</description>
    <value>
&lt;solr&gt;
  &lt;solrcloud&gt;
    &lt;str name="host"&gt;${host:}&lt;/str&gt;
    &lt;int name="hostPort"&gt;${jetty.port:}&lt;/int&gt;
    &lt;str name="hostContext"&gt;${hostContext:solr}&lt;/str&gt;
    &lt;int name="zkClientTimeout"&gt;${zkClientTimeout:15000}&lt;/int&gt;
    &lt;bool name="genericCoreNodeNames"&gt;${genericCoreNodeNames:true}&lt;/bool&gt;
  &lt;/solrcloud&gt;
&lt;/solr&gt;
    </value>
  </property>

  
</configuration>  