<?xml version="1.0"?>
<?xml-stylesheet type="text/xsl" href="configuration.xsl"?>
 
<configuration>

  <!-- Define configuration paramaters for service within Ambari: property name, default value and description (shown as help text) -->


  <property>
    <name>solr.cloudmode</name>
    <value>true</value>
    <description>Whether Solr should be started in Cloud mode</description>
  </property>  
  

  <property>
    <name>solr.demo_mode</name>
    <value>false</value>
    <description>Whether Solr should be configured for HDP demos. If true, a collection named tweets will be created using data_driven schema</description>
  </property>  
    
  <property>
    <name>solr.dir</name>
    <value>/opt/solr</value>
    <description>Path to Solr root. If HDPSearch is selected, it will be installed under /opt/lucidworks-hdpsearch/solr/</description>
  </property>  

  <property>
    <name>solr.download.location</name>
    <value>https://archive.apache.org/dist/lucene/solr/5.3.0/solr-5.3.0.tgz</value>
    <description>Location to download Solr from (.tgz format). Set this to HDPSEARCH to download HDPSearch from yum repo instead</description>
  </property>     
  

  <property>
    <name>solr.znode</name>
    <value>/solr</value>
    <description>Zookeeper znode (only used if cloudmode is true)</description>
  </property>  



  <property>
    <name>solr.minmem</name>
    <value>512m</value>
    <description>Solr minimum heap size e.g.512m </description>
  </property> 

  <property>
    <name>solr.maxmem</name>
    <value>512m</value>
    <description>Solr maximum heap size e.g. 512m</description>
  </property> 

  <property>
    <name>solr.datadir</name>
    <value> </value>
    <description>(Optional) Dir for Solr data where solr.xml and zoo.cfg will be created. If empty, will default to SOLR_HOME/server/solr</description>
  </property> 
  
  <property>
    <name>solr.conf</name>
    <value> </value>
    <description>(Optional) Dir containing solr.in.sh. If empty, will default to SOLR_HOME/bin</description>
  </property> 
    
</configuration>

