{
  "Blueprints": {
    "stack_name": "HDP",
    "stack_version": "2.2"
  },
  "host_groups": [
    {
      "name": "gateway",
      "cardinality" : "1",
      "components": [
        { "name": "HDFS_CLIENT" },
        { "name": "MAPREDUCE2_CLIENT" },
        { "name": "METRICS_COLLECTOR" },
        { "name": "METRICS_MONITOR" },
        { "name": "TEZ_CLIENT" },
        { "name": "YARN_CLIENT" },
        { "name": "ZOOKEEPER_CLIENT" }
      ]
    },
    {
      "name": "master_1",
      "cardinality" : "1",
      "components": [
        { "name": "HISTORYSERVER" },
        { "name": "JOURNALNODE" },
        { "name": "METRICS_MONITOR" },
        { "name": "NAMENODE" },
        { "name": "ZOOKEEPER_SERVER" }
      ]
    },
    {
      "name": "master_2",
      "cardinality" : "1",
      "components": [
        { "name": "APP_TIMELINE_SERVER" },
        { "name": "JOURNALNODE" },
        { "name": "METRICS_MONITOR" },
        { "name": "RESOURCEMANAGER" },
        { "name": "ZOOKEEPER_SERVER" }
      ]
    },
    {
      "name": "master_3",
      "cardinality" : "1",
      "components": [
        { "name": "JOURNALNODE" },
        { "name": "METRICS_MONITOR" },
        { "name": "RESOURCEMANAGER" },
        { "name": "SECONDARY_NAMENODE" },
        { "name": "ZOOKEEPER_SERVER" }
      ]
    },
    {
      "name": "slave_1",
      "components": [
        { "name": "DATANODE" },
        { "name": "METRICS_MONITOR" },
        { "name": "NODEMANAGER" }
      ]
    }
  ],
  "configurations": [
    {
      "core-site": {
        "properties" : {
          "fs.defaultFS" : "hdfs://%HOSTGROUP::master_1%:8020"
      }}
    },{
      "yarn-site" : {
        "properties" : {
          "hadoop.registry.rm.enabled" : "false",
          "hadoop.registry.zk.quorum" : "%HOSTGROUP::master_3%:2181,%HOSTGROUP::master_2%:2181,%HOSTGROUP::master_1%:2181",
          "yarn.log.server.url" : "http://%HOSTGROUP::master_2%:19888/jobhistory/logs",
          "yarn.resourcemanager.address" : "%HOSTGROUP::master_2%:8050",
          "yarn.resourcemanager.admin.address" : "%HOSTGROUP::master_2%:8141",
          "yarn.resourcemanager.cluster-id" : "yarn-cluster",
          "yarn.resourcemanager.ha.automatic-failover.zk-base-path" : "/yarn-leader-election",
          "yarn.resourcemanager.ha.enabled" : "true",
          "yarn.resourcemanager.ha.rm-ids" : "rm1,rm2",
          "yarn.resourcemanager.hostname" : "%HOSTGROUP::master_2%",
          "yarn.resourcemanager.recovery.enabled" : "true",
          "yarn.resourcemanager.resource-tracker.address" : "%HOSTGROUP::master_2%:8025",
          "yarn.resourcemanager.scheduler.address" : "%HOSTGROUP::master_2%:8030",
          "yarn.resourcemanager.store.class" : "org.apache.hadoop.yarn.server.resourcemanager.recovery.ZKRMStateStore",
          "yarn.resourcemanager.webapp.address" : "%HOSTGROUP::master_2%:8088",
          "yarn.timeline-service.address" : "%HOSTGROUP::master_2%:10200",
          "yarn.timeline-service.webapp.address" : "%HOSTGROUP::master_2%:8188",
          "yarn.timeline-service.webapp.https.address" : "%HOSTGROUP::master_2%:8190"
        }
      }
    }
  ]
}

