{
  "Blueprints": {
    "stack_name": "HDP",
    "stack_version": "2.2"
  },
  "host_groups": [
    {
      "name": "gateway",
      "cardinality" : "1",
      "components": [
        { "name": "HDFS_CLIENT" },
        { "name": "MAPREDUCE2_CLIENT" },
        { "name": "METRICS_COLLECTOR" },
        { "name": "METRICS_MONITOR" },
        { "name": "TEZ_CLIENT" },
        { "name": "YARN_CLIENT" },
        { "name": "ZOOKEEPER_CLIENT" }
      ]
    },
    {
      "name": "master_1",
      "cardinality" : "1",
      "components": [
        { "name": "HISTORYSERVER" },
        { "name": "JOURNALNODE" },
        { "name": "METRICS_MONITOR" },
        { "name": "NAMENODE" },
        { "name": "ZKFC" },
        { "name": "ZOOKEEPER_SERVER" }
      ]
    },
    {
      "name": "master_2",
      "cardinality" : "1",
      "components": [
        { "name": "APP_TIMELINE_SERVER" },
        { "name": "JOURNALNODE" },
        { "name": "METRICS_MONITOR" },
        { "name": "RESOURCEMANAGER" },
        { "name": "ZOOKEEPER_SERVER" }
      ]
    },
    {
      "name": "master_3",
      "cardinality" : "1",
      "components": [
        { "name": "JOURNALNODE" },
        { "name": "METRICS_MONITOR" },
        { "name": "NAMENODE" },
        { "name": "ZKFC" },
        { "name": "ZOOKEEPER_SERVER" }
      ]
    },
    {
      "name": "slave_1",
      "components": [
        { "name": "DATANODE" },
        { "name": "METRICS_MONITOR" },
        { "name": "NODEMANAGER" }
      ]
    }
  ],
  "configurations": [
    {
      "core-site": {
        "properties" : {
          "fs.defaultFS" : "hdfs://mycluster",
          "ha.zookeeper.quorum" : "%HOSTGROUP::master_1%:2181,%HOSTGROUP::master_2%:2181,%HOSTGROUP::master_3%:2181"
      }}
    },
    {
      "hdfs-site": {
        "properties" : {
          "dfs.client.failover.proxy.provider.mycluster" : "org.apache.hadoop.hdfs.server.namenode.ha.ConfiguredFailoverProxyProvider",
          "dfs.ha.automatic-failover.enabled" : "true",
          "dfs.ha.fencing.methods" : "shell(/bin/true)",
          "dfs.ha.namenodes.mycluster" : "nn1,nn2",
          "dfs.namenode.http-address" : "%HOSTGROUP::master_1%:50070",
          "dfs.namenode.http-address.mycluster.nn1" : "%HOSTGROUP::master_1%:50070",
          "dfs.namenode.http-address.mycluster.nn2" : "%HOSTGROUP::master_3%:50070",
          "dfs.namenode.https-address" : "%HOSTGROUP::master_1%:50470",
          "dfs.namenode.https-address.mycluster.nn1" : "%HOSTGROUP::master_1%:50470",
          "dfs.namenode.https-address.mycluster.nn2" : "%HOSTGROUP::master_3%:50470",
          "dfs.namenode.rpc-address.mycluster.nn1" : "%HOSTGROUP::master_1%:8020",
          "dfs.namenode.rpc-address.mycluster.nn2" : "%HOSTGROUP::master_3%:8020",
          "dfs.namenode.shared.edits.dir" : "qjournal://%HOSTGROUP::master_1%:8485;%HOSTGROUP::master_2%:8485;%HOSTGROUP::master_3%:8485/mycluster",
          "dfs.nameservices" : "mycluster"
      }}
    }
  ]
}
