{
"AWSTemplateFormatVersion": "2010-09-09",
"Conditions": {
"MasterUseEBSBool": {
"Fn::Equals": [
{
"Ref": "MasterUseEBS"
},
"yes"
]
},
"WorkerUseEBSBool": {
"Fn::Equals": [
{
"Ref": "WorkerUseEBS"
},
"yes"
]
}
},
"Description": "CloudFormation template to Deploy Hortonworks Data Platform on VPC with a public subnet",
"Mappings": {
"RHEL66": {
"ap-northeast-1": {
"AMI": "ami-a15666a0"
},
"ap-southeast-1": {
"AMI": "ami-3813326a"
},
"ap-southeast-2": {
"AMI": "ami-55e38e6f"
},
"eu-west-1": {
"AMI": "ami-9cfd53eb"
},
"sa-east-1": {
"AMI": "ami-995ce884"
},
"us-east-1": {
"AMI": "ami-aed06ac6"
},
"us-west-1": {
"AMI": "ami-69ccd92c"
},
"us-west-2": {
"AMI": "ami-5fbcf36f"
}
},
"SubnetConfig": {
"Public": {
"CIDR": "10.0.0.0/24"
},
"VPC": {
"CIDR": "10.0.0.0/16"
}
}
},
"Outputs": {
"AmbariSSH": {
"Description": "SSH to the Ambari Node",
"Value": {
"Fn::Join": [
"",
[
"ssh ec2-user@",
{
"Fn::GetAtt": [
"AmbariNode",
"PublicDnsName"
]
}
]
]
}
},
"AmbariServiceInstanceId": {
"Description": "The Ambari Servers Instance-Id",
"Value": {
"Ref": "AmbariNode"
}
},
"AmbariURL": {
"Description": "URL of Ambari UI",
"Value": {
"Fn::Join": [
"",
[
"http://",
{
"Fn::GetAtt": [
"AmbariNode",
"PublicDnsName"
]
},
":8080"
]
]
}
},
"Region": {
"Description": "AWS Region",
"Value": {
"Ref": "AWS::Region"
}
}
},
"Parameters": {
"AmbariAccessLocation": {
"AllowedPattern": "(\\d{1,3})\\.(\\d{1,3})\\.(\\d{1,3})\\.(\\d{1,3})/(\\d{1,2})",
"ConstraintDescription": "Must be a valid CIDR range.",
"Default": "0.0.0.0/0",
"Description": "IPs which can access Ambari. Must be CIDR notation.",
"MaxLength": "18",
"MinLength": "9",
"Type": "String"
},
"AmbariInstanceType": {
"ConstraintDescription": "Must be a valid EC2 instance type.",
"Default": "m3.large",
"Description": "Instance type for Ambari node",
"Type": "String"
},
"JavaProvider": {
"AllowedValues": [
"open",
"oracle"
],
"ConstraintDescription": "open or oracle",
"Default": "open",
"Description": "Provider of Java packages: open or oracle",
"Type": "String"
},
"KeyName": {
"ConstraintDescription": "Can contain only ASCII characters.",
"Description": "Name of an existing EC2 KeyPair to enable SSH access to the instance",
"Type": "AWS::EC2::KeyPair::KeyName"
},
"MasterInstanceCount": {
"Default": "1",
"Description": "Number of Master instances",
"MaxValue": "99",
"MinValue": "1",
"Type": "Number"
},
"MasterInstanceType": {
"ConstraintDescription": "Must be a valid EC2 instance type.",
"Default": "c3.4xlarge",
"Description": "Instance type for master node",
"Type": "String"
},
"MasterUseEBS": {
"AllowedValues": [
"yes",
"no"
],
"ConstraintDescription": "Must be yes or no only.",
"Default": "no",
"Description": "Use EBS Volumes for the Master Node",
"Type": "String"
},
"SSHLocation": {
"AllowedPattern": "(\\d{1,3})\\.(\\d{1,3})\\.(\\d{1,3})\\.(\\d{1,3})/(\\d{1,2})",
"ConstraintDescription": "Must be a valid CIDR range.",
"Default": "0.0.0.0/0",
"Description": "SSH access for Ambari Node",
"MaxLength": "18",
"MinLength": "9",
"Type": "String"
},
"WorkerInstanceCount": {
"Default": "2",
"Description": "Number of Worker instances",
"MaxValue": "99",
"MinValue": "1",
"Type": "Number"
},
"WorkerInstanceType": {
"ConstraintDescription": "Must be a valid EC2 instance type.",
"Default": "i2.4xlarge",
"Description": "Instance type for worker node",
"Type": "String"
},
"WorkerUseEBS": {
"AllowedValues": [
"yes",
"no"
],
"ConstraintDescription": "Must be yes or no only.",
"Default": "no",
"Description": "Use EBS Volumes for the Worker Node",
"Type": "String"
}
},
"Resources": {
"AmbariAccessRole": {
"Properties": {
"AssumeRolePolicyDocument": {
"Statement": [
{
"Action": [
"sts:AssumeRole"
],
"Effect": "Allow",
"Principal": {
"Service": [
"ec2.amazonaws.com"
]
}
}
]
},
"Path": "/"
},
"Type": "AWS::IAM::Role"
},
"AmbariInstanceProfile": {
"Properties": {
"Path": "/",
"Roles": [
{
"Ref": "AmbariAccessRole"
}
]
},
"Type": "AWS::IAM::InstanceProfile"
},
"AmbariNode": {
"CreationPolicy": {
"ResourceSignal": {
"Count": 1,
"Timeout": "PT30M"
}
},
"Properties": {
"BlockDeviceMappings": [
{
"DeviceName": "/dev/sda1",
"Ebs": {
"VolumeSize": "100",
"VolumeType": "gp2"
}
}
],
"IamInstanceProfile": {
"Ref": "AmbariInstanceProfile"
},
"ImageId": {
"Fn::FindInMap": [
"RHEL66",
{
"Ref": "AWS::Region"
},
"AMI"
]
},
"InstanceType": {
"Ref": "AmbariInstanceType"
},
"KeyName": {
"Ref": "KeyName"
},
"NetworkInterfaces": [
{
"AssociatePublicIpAddress": "true",
"DeleteOnTermination": "true",
"DeviceIndex": "0",
"GroupSet": [
{
"Ref": "AmbariSecurityGroup"
}
],
"SubnetId": {
"Ref": "PublicSubnet"
}
}
],
"UserData": {
"Fn::Base64": {
"Fn::Join": [
"",
[
"#!/usr/bin/env bash\n",
"exec &> >(tee -a /root/cloudformation.log)\nset -o nounset\n",
"set -o errexit\n",
"export region='",
{
"Ref": "AWS::Region"
},
"'\n",
"export stack='",
{
"Ref": "AWS::StackName"
},
"'\n",
"export resource='",
"AmbariNode",
"'\n",
"export ambari_server='",
"127.0.0.1",
"'\n",
"export java_provider=",
{
"Ref": "JavaProvider"
},
"\n",
"export install_ambari_agent=",
"true",
"\n",
"export install_ambari_server=",
"true",
"\n",
"\n",
"########################################################################\n",
"## trap errors\n",
"error_exit() {\n",
"  local line_no=$1\n",
"  local exit_code=$2\n",
"  /opt/aws/bin/cfn-signal -e ${exit_code} --region ${region} --stack ${stack} --resource ${resource}\n",
"  exit ${exit_code}\n",
"}\n",
"trap 'error_exit ${LINENO} ${?}' ERR\n",
"\n",
"########################################################################\n",
"## Install and Update CloudFormation\n",
"rpm -Uvh http://dl.fedoraproject.org/pub/epel/6/x86_64/epel-release-6-8.noarch.rpm || :\n",
"yum install -y https://s3.amazonaws.com/cloudformation-examples/aws-cfn-bootstrap-latest.amzn1.noarch.rpm\n",
"yum update -y aws-cfn-bootstrap\n",
"\n",
"########################################################################\n",
"## AWS specific system modifications\n",
"\n",
"## swappiness to 0\n",
"sysctl -w vm.swappiness=0\n",
"mkdir -p /etc/sysctl.d\n",
"cat > /etc/sysctl.d/50-swappiness.conf <<-'EOF'\n",
"## disable swapping\n",
"vm.swappiness=0\n",
"EOF\n",
"\n",
"# Disable some not-required services.\n",
"chkconfig cups off\n",
"chkconfig postfix off\n",
"\n",
"## Remove existing mount points\n",
"sed '/^\\/dev\\/xvd[b-z]/d' -i /etc/fstab\n",
"\n",
"## Format emphemeral drives and create mounts\n",
"for drv in /dev/xvd[b-z]; do\n",
"  umount ${drv} || true\n",
"  mkdir -p /mnt${drv}\n",
"  echo \"${drv} /mnt${drv} ext4 defaults,noatime,nodiratime 0 0\" >> /etc/fstab\n",
"  nohup mkfs.ext4 -m 0 -T largefile4 $drv &\n",
"done\n",
"wait\n",
"\n",
"\n",
"## Re-size root partition\n",
"yum install -y gdisk\n",
"growpart /dev/xvda 1\n",
"\n",
"## Bootstrap Ambari\n",
"yum install -y curl\n",
"curl -sSL   https://raw.githubusercontent.com/seanorama/ambari-bootstrap/master/ambari-bootstrap.sh   -o /root/ambari-bootstrap.sh\n",
"sh /root/ambari-bootstrap.sh\n",
"\n",
"## Run blueprint after reboot\n",
"## TODO: this is for a future feature.\n",
"\n",
"## If all went well, signal success\n",
"/opt/aws/bin/cfn-signal -e ${?} --region ${region} --stack ${stack} --resource ${resource}\n",
"\n",
"## Reboot Server\n",
"reboot\n"
]
]
}
}
},
"Type": "AWS::EC2::Instance"
},
"AmbariSecurityGroup": {
"Properties": {
"GroupDescription": "Access for the Ambari Nodes",
"SecurityGroupIngress": [
{
"CidrIp": {
"Fn::FindInMap": [
"SubnetConfig",
"Public",
"CIDR"
]
},
"FromPort": "-1",
"IpProtocol": "icmp",
"ToPort": "-1"
},
{
"CidrIp": {
"Fn::FindInMap": [
"SubnetConfig",
"Public",
"CIDR"
]
},
"FromPort": "0",
"IpProtocol": "tcp",
"ToPort": "65535"
},
{
"CidrIp": {
"Fn::FindInMap": [
"SubnetConfig",
"Public",
"CIDR"
]
},
"FromPort": "0",
"IpProtocol": "udp",
"ToPort": "65535"
},
{
"CidrIp": {
"Ref": "SSHLocation"
},
"FromPort": "22",
"IpProtocol": "tcp",
"ToPort": "22"
},
{
"CidrIp": {
"Ref": "AmbariAccessLocation"
},
"FromPort": "8080",
"IpProtocol": "tcp",
"ToPort": "8080"
}
],
"VpcId": {
"Ref": "VPC"
}
},
"Type": "AWS::EC2::SecurityGroup"
},
"AttachGateway": {
"Properties": {
"InternetGatewayId": {
"Ref": "InternetGateway"
},
"VpcId": {
"Ref": "VPC"
}
},
"Type": "AWS::EC2::VPCGatewayAttachment"
},
"CFNRolePolicies": {
"Properties": {
"PolicyDocument": {
"Statement": [
{
"Action": "cloudformation:Describe*",
"Effect": "Allow",
"Resource": "*"
}
]
},
"PolicyName": "CFNaccess",
"Roles": [
{
"Ref": "AmbariAccessRole"
}
]
},
"Type": "AWS::IAM::Policy"
},
"DefaultSecurityGroup": {
"Properties": {
"GroupDescription": "Default Security group for all the Nodes",
"SecurityGroupIngress": [
{
"CidrIp": {
"Fn::FindInMap": [
"SubnetConfig",
"VPC",
"CIDR"
]
},
"FromPort": "-1",
"IpProtocol": "icmp",
"ToPort": "-1"
},
{
"CidrIp": {
"Fn::FindInMap": [
"SubnetConfig",
"VPC",
"CIDR"
]
},
"FromPort": "0",
"IpProtocol": "tcp",
"ToPort": "65535"
},
{
"CidrIp": {
"Fn::FindInMap": [
"SubnetConfig",
"VPC",
"CIDR"
]
},
"FromPort": "0",
"IpProtocol": "udp",
"ToPort": "65535"
},
{
"CidrIp": {
"Ref": "SSHLocation"
},
"FromPort": "22",
"IpProtocol": "tcp",
"ToPort": "22"
}
],
"VpcId": {
"Ref": "VPC"
}
},
"Type": "AWS::EC2::SecurityGroup"
},
"EC2RolePolicies": {
"Properties": {
"PolicyDocument": {
"Statement": [
{
"Action": [
"ec2:Describe*"
],
"Effect": "Allow",
"Resource": [
"*"
]
}
]
},
"PolicyName": "EC2Access",
"Roles": [
{
"Ref": "AmbariAccessRole"
}
]
},
"Type": "AWS::IAM::Policy"
},
"InternetGateway": {
"Type": "AWS::EC2::InternetGateway"
},
"MasterNodeLaunchConfig": {
"Properties": {
"AssociatePublicIpAddress": "true",
"BlockDeviceMappings": {
"Fn::If": [
"MasterUseEBSBool",
[
{
"DeviceName": "/dev/sda1",
"Ebs": {
"VolumeSize": "100",
"VolumeType": "gp2"
}
},
{
"DeviceName": "/dev/sdb",
"Ebs": {
"DeleteOnTermination": "true",
"VolumeSize": "500",
"VolumeType": "gp2"
}
},
{
"DeviceName": "/dev/sdc",
"Ebs": {
"DeleteOnTermination": "true",
"VolumeSize": "500",
"VolumeType": "gp2"
}
}
],
[
{
"DeviceName": "/dev/sda1",
"Ebs": {
"VolumeSize": "100",
"VolumeType": "gp2"
}
},
{
"DeviceName": "/dev/sdb",
"VirtualName": "ephemeral0"
},
{
"DeviceName": "/dev/sdc",
"VirtualName": "ephemeral1"
},
{
"DeviceName": "/dev/sdd",
"VirtualName": "ephemeral2"
},
{
"DeviceName": "/dev/sde",
"VirtualName": "ephemeral3"
},
{
"DeviceName": "/dev/sdf",
"VirtualName": "ephemeral4"
},
{
"DeviceName": "/dev/sdg",
"VirtualName": "ephemeral5"
},
{
"DeviceName": "/dev/sdh",
"VirtualName": "ephemeral6"
},
{
"DeviceName": "/dev/sdi",
"VirtualName": "ephemeral7"
},
{
"DeviceName": "/dev/sdj",
"VirtualName": "ephemeral8"
},
{
"DeviceName": "/dev/sdk",
"VirtualName": "ephemeral9"
},
{
"DeviceName": "/dev/sdl",
"VirtualName": "ephemeral10"
},
{
"DeviceName": "/dev/sdm",
"VirtualName": "ephemeral11"
},
{
"DeviceName": "/dev/sdn",
"VirtualName": "ephemeral12"
},
{
"DeviceName": "/dev/sdo",
"VirtualName": "ephemeral13"
},
{
"DeviceName": "/dev/sdp",
"VirtualName": "ephemeral14"
},
{
"DeviceName": "/dev/sdq",
"VirtualName": "ephemeral15"
},
{
"DeviceName": "/dev/sdr",
"VirtualName": "ephemeral16"
},
{
"DeviceName": "/dev/sds",
"VirtualName": "ephemeral17"
},
{
"DeviceName": "/dev/sdt",
"VirtualName": "ephemeral18"
},
{
"DeviceName": "/dev/sdu",
"VirtualName": "ephemeral19"
},
{
"DeviceName": "/dev/sdv",
"VirtualName": "ephemeral20"
},
{
"DeviceName": "/dev/sdw",
"VirtualName": "ephemeral21"
},
{
"DeviceName": "/dev/sdx",
"VirtualName": "ephemeral22"
},
{
"DeviceName": "/dev/sdy",
"VirtualName": "ephemeral23"
}
]
]
},
"IamInstanceProfile": {
"Ref": "NodeInstanceProfile"
},
"ImageId": {
"Fn::FindInMap": [
"RHEL66",
{
"Ref": "AWS::Region"
},
"AMI"
]
},
"InstanceType": {
"Ref": "MasterInstanceType"
},
"KeyName": {
"Ref": "KeyName"
},
"SecurityGroups": [
{
"Ref": "DefaultSecurityGroup"
}
],
"UserData": {
"Fn::Base64": {
"Fn::Join": [
"",
[
"#!/usr/bin/env bash\n",
"exec &> >(tee -a /root/cloudformation.log)\nset -o nounset\n",
"set -o errexit\n",
"export region='",
{
"Ref": "AWS::Region"
},
"'\n",
"export stack='",
{
"Ref": "AWS::StackName"
},
"'\n",
"export resource='",
"MasterNodes",
"'\n",
"export ambari_server='",
{
"Fn::GetAtt": [
"AmbariNode",
"PrivateDnsName"
]
},
"'\n",
"export java_provider=",
{
"Ref": "JavaProvider"
},
"\n",
"export install_ambari_agent=",
"true",
"\n",
"export install_ambari_server=",
"false",
"\n",
"\n",
"########################################################################\n",
"## trap errors\n",
"error_exit() {\n",
"  local line_no=$1\n",
"  local exit_code=$2\n",
"  /opt/aws/bin/cfn-signal -e ${exit_code} --region ${region} --stack ${stack} --resource ${resource}\n",
"  exit ${exit_code}\n",
"}\n",
"trap 'error_exit ${LINENO} ${?}' ERR\n",
"\n",
"########################################################################\n",
"## Install and Update CloudFormation\n",
"rpm -Uvh http://dl.fedoraproject.org/pub/epel/6/x86_64/epel-release-6-8.noarch.rpm || :\n",
"yum install -y https://s3.amazonaws.com/cloudformation-examples/aws-cfn-bootstrap-latest.amzn1.noarch.rpm\n",
"yum update -y aws-cfn-bootstrap\n",
"\n",
"########################################################################\n",
"## AWS specific system modifications\n",
"\n",
"## swappiness to 0\n",
"sysctl -w vm.swappiness=0\n",
"mkdir -p /etc/sysctl.d\n",
"cat > /etc/sysctl.d/50-swappiness.conf <<-'EOF'\n",
"## disable swapping\n",
"vm.swappiness=0\n",
"EOF\n",
"\n",
"# Disable some not-required services.\n",
"chkconfig cups off\n",
"chkconfig postfix off\n",
"\n",
"## Remove existing mount points\n",
"sed '/^\\/dev\\/xvd[b-z]/d' -i /etc/fstab\n",
"\n",
"## Format emphemeral drives and create mounts\n",
"for drv in /dev/xvd[b-z]; do\n",
"  umount ${drv} || true\n",
"  mkdir -p /mnt${drv}\n",
"  echo \"${drv} /mnt${drv} ext4 defaults,noatime,nodiratime 0 0\" >> /etc/fstab\n",
"  nohup mkfs.ext4 -m 0 -T largefile4 $drv &\n",
"done\n",
"wait\n",
"\n",
"\n",
"## Re-size root partition\n",
"yum install -y gdisk\n",
"growpart /dev/xvda 1\n",
"\n",
"## Bootstrap Ambari\n",
"yum install -y curl\n",
"curl -sSL   https://raw.githubusercontent.com/seanorama/ambari-bootstrap/master/ambari-bootstrap.sh   -o /root/ambari-bootstrap.sh\n",
"sh /root/ambari-bootstrap.sh\n",
"\n",
"## Run blueprint after reboot\n",
"## TODO: this is for a future feature.\n",
"\n",
"## If all went well, signal success\n",
"/opt/aws/bin/cfn-signal -e ${?} --region ${region} --stack ${stack} --resource ${resource}\n",
"\n",
"## Reboot Server\n",
"reboot\n"
]
]
}
}
},
"Type": "AWS::AutoScaling::LaunchConfiguration"
},
"MasterNodes": {
"CreationPolicy": {
"ResourceSignal": {
"Count": {
"Ref": "MasterInstanceCount"
},
"Timeout": "PT30M"
}
},
"DependsOn": "AmbariNode",
"Properties": {
"AvailabilityZones": [
{
"Fn::GetAtt": [
"PublicSubnet",
"AvailabilityZone"
]
}
],
"DesiredCapacity": {
"Ref": "MasterInstanceCount"
},
"LaunchConfigurationName": {
"Ref": "MasterNodeLaunchConfig"
},
"MaxSize": {
"Ref": "MasterInstanceCount"
},
"MinSize": 1,
"VPCZoneIdentifier": [
{
"Ref": "PublicSubnet"
}
]
},
"Type": "AWS::AutoScaling::AutoScalingGroup"
},
"NodeAccessRole": {
"Properties": {
"AssumeRolePolicyDocument": {
"Statement": [
{
"Action": [
"sts:AssumeRole"
],
"Effect": "Allow",
"Principal": {
"Service": [
"ec2.amazonaws.com"
]
}
}
]
},
"Path": "/"
},
"Type": "AWS::IAM::Role"
},
"NodeInstanceProfile": {
"Properties": {
"Path": "/",
"Roles": [
{
"Ref": "NodeAccessRole"
}
]
},
"Type": "AWS::IAM::InstanceProfile"
},
"PublicRoute": {
"DependsOn": "AttachGateway",
"Properties": {
"DestinationCidrBlock": "0.0.0.0/0",
"GatewayId": {
"Ref": "InternetGateway"
},
"RouteTableId": {
"Ref": "PublicRouteTable"
}
},
"Type": "AWS::EC2::Route"
},
"PublicRouteTable": {
"Properties": {
"VpcId": {
"Ref": "VPC"
}
},
"Type": "AWS::EC2::RouteTable"
},
"PublicSubnet": {
"Properties": {
"CidrBlock": {
"Fn::FindInMap": [
"SubnetConfig",
"Public",
"CIDR"
]
},
"VpcId": {
"Ref": "VPC"
}
},
"Type": "AWS::EC2::Subnet"
},
"PublicSubnetRouteTableAssociation": {
"Properties": {
"RouteTableId": {
"Ref": "PublicRouteTable"
},
"SubnetId": {
"Ref": "PublicSubnet"
}
},
"Type": "AWS::EC2::SubnetRouteTableAssociation"
},
"S3RolePolicies": {
"Properties": {
"PolicyDocument": {
"Statement": [
{
"Action": "s3:*",
"Effect": "Allow",
"Resource": "*"
}
]
},
"PolicyName": "s3access",
"Roles": [
{
"Ref": "AmbariAccessRole"
},
{
"Ref": "NodeAccessRole"
}
]
},
"Type": "AWS::IAM::Policy"
},
"VPC": {
"Properties": {
"CidrBlock": {
"Fn::FindInMap": [
"SubnetConfig",
"VPC",
"CIDR"
]
},
"EnableDnsHostnames": "true",
"EnableDnsSupport": "true"
},
"Type": "AWS::EC2::VPC"
},
"WorkerNodeLaunchConfig": {
"Properties": {
"AssociatePublicIpAddress": "true",
"BlockDeviceMappings": {
"Fn::If": [
"WorkerUseEBSBool",
[
{
"DeviceName": "/dev/sda1",
"Ebs": {
"VolumeSize": "100",
"VolumeType": "gp2"
}
},
{
"DeviceName": "/dev/sdb",
"Ebs": {
"DeleteOnTermination": "true",
"VolumeSize": "1000",
"VolumeType": "gp2"
}
},
{
"DeviceName": "/dev/sdc",
"Ebs": {
"DeleteOnTermination": "true",
"VolumeSize": "1000",
"VolumeType": "gp2"
}
},
{
"DeviceName": "/dev/sdd",
"Ebs": {
"DeleteOnTermination": "true",
"VolumeSize": "1000",
"VolumeType": "gp2"
}
},
{
"DeviceName": "/dev/sde",
"Ebs": {
"DeleteOnTermination": "true",
"VolumeSize": "1000",
"VolumeType": "gp2"
}
},
{
"DeviceName": "/dev/sdf",
"Ebs": {
"DeleteOnTermination": "true",
"VolumeSize": "1000",
"VolumeType": "gp2"
}
},
{
"DeviceName": "/dev/sdg",
"Ebs": {
"DeleteOnTermination": "true",
"VolumeSize": "1000",
"VolumeType": "gp2"
}
},
{
"DeviceName": "/dev/sdh",
"Ebs": {
"DeleteOnTermination": "true",
"VolumeSize": "1000",
"VolumeType": "gp2"
}
},
{
"DeviceName": "/dev/sdi",
"Ebs": {
"DeleteOnTermination": "true",
"VolumeSize": "1000",
"VolumeType": "gp2"
}
},
{
"DeviceName": "/dev/sdj",
"Ebs": {
"DeleteOnTermination": "true",
"VolumeSize": "1000",
"VolumeType": "gp2"
}
}
],
[
{
"DeviceName": "/dev/sda1",
"Ebs": {
"VolumeSize": "100",
"VolumeType": "gp2"
}
},
{
"DeviceName": "/dev/sdb",
"VirtualName": "ephemeral0"
},
{
"DeviceName": "/dev/sdc",
"VirtualName": "ephemeral1"
},
{
"DeviceName": "/dev/sdd",
"VirtualName": "ephemeral2"
},
{
"DeviceName": "/dev/sde",
"VirtualName": "ephemeral3"
},
{
"DeviceName": "/dev/sdf",
"VirtualName": "ephemeral4"
},
{
"DeviceName": "/dev/sdg",
"VirtualName": "ephemeral5"
},
{
"DeviceName": "/dev/sdh",
"VirtualName": "ephemeral6"
},
{
"DeviceName": "/dev/sdi",
"VirtualName": "ephemeral7"
},
{
"DeviceName": "/dev/sdj",
"VirtualName": "ephemeral8"
},
{
"DeviceName": "/dev/sdk",
"VirtualName": "ephemeral9"
},
{
"DeviceName": "/dev/sdl",
"VirtualName": "ephemeral10"
},
{
"DeviceName": "/dev/sdm",
"VirtualName": "ephemeral11"
},
{
"DeviceName": "/dev/sdn",
"VirtualName": "ephemeral12"
},
{
"DeviceName": "/dev/sdo",
"VirtualName": "ephemeral13"
},
{
"DeviceName": "/dev/sdp",
"VirtualName": "ephemeral14"
},
{
"DeviceName": "/dev/sdq",
"VirtualName": "ephemeral15"
},
{
"DeviceName": "/dev/sdr",
"VirtualName": "ephemeral16"
},
{
"DeviceName": "/dev/sds",
"VirtualName": "ephemeral17"
},
{
"DeviceName": "/dev/sdt",
"VirtualName": "ephemeral18"
},
{
"DeviceName": "/dev/sdu",
"VirtualName": "ephemeral19"
},
{
"DeviceName": "/dev/sdv",
"VirtualName": "ephemeral20"
},
{
"DeviceName": "/dev/sdw",
"VirtualName": "ephemeral21"
},
{
"DeviceName": "/dev/sdx",
"VirtualName": "ephemeral22"
},
{
"DeviceName": "/dev/sdy",
"VirtualName": "ephemeral23"
}
]
]
},
"IamInstanceProfile": {
"Ref": "NodeInstanceProfile"
},
"ImageId": {
"Fn::FindInMap": [
"RHEL66",
{
"Ref": "AWS::Region"
},
"AMI"
]
},
"InstanceType": {
"Ref": "WorkerInstanceType"
},
"KeyName": {
"Ref": "KeyName"
},
"SecurityGroups": [
{
"Ref": "DefaultSecurityGroup"
}
],
"UserData": {
"Fn::Base64": {
"Fn::Join": [
"",
[
"#!/usr/bin/env bash\n",
"exec &> >(tee -a /root/cloudformation.log)\nset -o nounset\n",
"set -o errexit\n",
"export region='",
{
"Ref": "AWS::Region"
},
"'\n",
"export stack='",
{
"Ref": "AWS::StackName"
},
"'\n",
"export resource='",
"WorkerNodes",
"'\n",
"export ambari_server='",
{
"Fn::GetAtt": [
"AmbariNode",
"PrivateDnsName"
]
},
"'\n",
"export java_provider=",
{
"Ref": "JavaProvider"
},
"\n",
"export install_ambari_agent=",
"true",
"\n",
"export install_ambari_server=",
"false",
"\n",
"\n",
"########################################################################\n",
"## trap errors\n",
"error_exit() {\n",
"  local line_no=$1\n",
"  local exit_code=$2\n",
"  /opt/aws/bin/cfn-signal -e ${exit_code} --region ${region} --stack ${stack} --resource ${resource}\n",
"  exit ${exit_code}\n",
"}\n",
"trap 'error_exit ${LINENO} ${?}' ERR\n",
"\n",
"########################################################################\n",
"## Install and Update CloudFormation\n",
"rpm -Uvh http://dl.fedoraproject.org/pub/epel/6/x86_64/epel-release-6-8.noarch.rpm || :\n",
"yum install -y https://s3.amazonaws.com/cloudformation-examples/aws-cfn-bootstrap-latest.amzn1.noarch.rpm\n",
"yum update -y aws-cfn-bootstrap\n",
"\n",
"########################################################################\n",
"## AWS specific system modifications\n",
"\n",
"## swappiness to 0\n",
"sysctl -w vm.swappiness=0\n",
"mkdir -p /etc/sysctl.d\n",
"cat > /etc/sysctl.d/50-swappiness.conf <<-'EOF'\n",
"## disable swapping\n",
"vm.swappiness=0\n",
"EOF\n",
"\n",
"# Disable some not-required services.\n",
"chkconfig cups off\n",
"chkconfig postfix off\n",
"\n",
"## Remove existing mount points\n",
"sed '/^\\/dev\\/xvd[b-z]/d' -i /etc/fstab\n",
"\n",
"## Format emphemeral drives and create mounts\n",
"for drv in /dev/xvd[b-z]; do\n",
"  umount ${drv} || true\n",
"  mkdir -p /mnt${drv}\n",
"  echo \"${drv} /mnt${drv} ext4 defaults,noatime,nodiratime 0 0\" >> /etc/fstab\n",
"  nohup mkfs.ext4 -m 0 -T largefile4 $drv &\n",
"done\n",
"wait\n",
"\n",
"\n",
"## Re-size root partition\n",
"yum install -y gdisk\n",
"growpart /dev/xvda 1\n",
"\n",
"## Bootstrap Ambari\n",
"yum install -y curl\n",
"curl -sSL   https://raw.githubusercontent.com/seanorama/ambari-bootstrap/master/ambari-bootstrap.sh   -o /root/ambari-bootstrap.sh\n",
"sh /root/ambari-bootstrap.sh\n",
"\n",
"## Run blueprint after reboot\n",
"## TODO: this is for a future feature.\n",
"\n",
"## If all went well, signal success\n",
"/opt/aws/bin/cfn-signal -e ${?} --region ${region} --stack ${stack} --resource ${resource}\n",
"\n",
"## Reboot Server\n",
"reboot\n"
]
]
}
}
},
"Type": "AWS::AutoScaling::LaunchConfiguration"
},
"WorkerNodes": {
"CreationPolicy": {
"ResourceSignal": {
"Count": {
"Ref": "WorkerInstanceCount"
},
"Timeout": "PT30M"
}
},
"DependsOn": "AmbariNode",
"Properties": {
"AvailabilityZones": [
{
"Fn::GetAtt": [
"PublicSubnet",
"AvailabilityZone"
]
}
],
"DesiredCapacity": {
"Ref": "WorkerInstanceCount"
},
"LaunchConfigurationName": {
"Ref": "WorkerNodeLaunchConfig"
},
"MaxSize": {
"Ref": "WorkerInstanceCount"
},
"MinSize": 1,
"VPCZoneIdentifier": [
{
"Ref": "PublicSubnet"
}
]
},
"Type": "AWS::AutoScaling::AutoScalingGroup"
}
}
}