{
  "Blueprints": {
    "stack_name": "HDP",
    "stack_version": "2.2"
  },
  "host_groups": [
    {
      "name": "host-group-1",
      "components": [
        { "name": "APP_TIMELINE_SERVER" },
        { "name": "DATANODE" },
        { "name": "DRPC_SERVER" },
        { "name": "FALCON_CLIENT" },
        { "name": "FALCON_SERVER" },
        { "name": "FLUME_HANDLER" },
        { "name": "HBASE_CLIENT" },
        { "name": "HBASE_MASTER" },
        { "name": "HBASE_REGIONSERVER" },
        { "name": "HCAT" },
        { "name": "HDFS_CLIENT" },
        { "name": "HISTORYSERVER" },
        { "name": "HIVE_CLIENT" },
        { "name": "HIVE_METASTORE" },
        { "name": "HIVE_SERVER" },
        { "name": "JOURNALNODE" },
        { "name": "KAFKA_BROKER" },
        { "name": "KNOX_GATEWAY" },
        { "name": "MAPREDUCE2_CLIENT" },
        { "name": "METRICS_COLLECTOR" },
        { "name": "METRICS_MONITOR" },
        { "name": "MYSQL_SERVER" },
        { "name": "NAMENODE" },
        { "name": "NIMBUS" },
        { "name": "NODEMANAGER" },
        { "name": "OOZIE_CLIENT" },
        { "name": "OOZIE_SERVER" },
        { "name": "PIG" },
        { "name": "RESOURCEMANAGER" },
        { "name": "SECONDARY_NAMENODE" },
        { "name": "SLIDER" },
        { "name": "SPARK_CLIENT" },
        { "name": "SPARK_JOBHISTORYSERVER" },
        { "name": "SQOOP" },
        { "name": "STORM_UI_SERVER" },
        { "name": "SUPERVISOR" },
        { "name": "TEZ_CLIENT" },
        { "name": "WEBHCAT_SERVER" },
        { "name": "YARN_CLIENT" },
        { "name": "ZOOKEEPER_CLIENT" },
        { "name": "ZOOKEEPER_SERVER" }
      ]
    }
  ]
}

